year,inflacion_anual,variacion_respecto_anio_anterior,promedio_movil_3,maximo_historico
2018,34.2772237131003,,,34.2772237131003
2019,53.5483043492339,56.22124124588437,,53.5483043492339
2020,42.0150947376509,-21.53795484608656,43.28020759999504,53.5483043492339
2021,48.4093786255199,15.219015755637244,47.990925904134905,53.5483043492339
2022,72.430757531824,49.62133286635657,54.28507696499827,72.430757531824
2023,133.488935594175,84.29868766114143,84.7763572505063,133.488935594175
2024,219.883929014578,64.72071489359676,141.93454071352565,219.883929014578
