year,inflacion_anual
2024,219.883929014578
2023,133.488935594175
2022,72.430757531824
2021,48.4093786255199
2020,42.0150947376509
2019,53.5483043492339
2018,34.2772237131003
